observed,Treatment
10.29825993,1
9.183643324,0
8.164371388,0
10.5952808,0
9.376817973,1
4.116990464,1
8.08739978,1
9.738324705,0
9.575781352,0
8.694611613,0
10.51178117,0
9.784779838,1
4.491761773,1
8.340021747,1
10.12493092,0
9.762746413,1
8.983809737,0
13.05270299,1
9.821221195,0
8.986553279,1
9.918977372,0
12.22665279,1
